source,package,probable_app_name,purpose,transformation,target,status,target_action,alias_action
hyperos3-icons/apps/128/android.png,android,Android,application icon,android -> android,hyperos icons/apps/scalable/android.svg,fallback,exists-skip,alias-exists-skip
hyperos3-icons/apps/128/android.png,android,Android,application icon,android -> android,hyperos icons/apps@2x/scalable/android.svg,fallback,exists-skip,alias-exists-skip
hyperos3-icons/apps/128/com.ai.obc.cbn.app.png,com.ai.obc.cbn.app,App,application icon,com.ai.obc.cbn.app -> ai-obc-cbn-app,hyperos icons/apps/scalable/ai-obc-cbn-app.svg,fallback,exists-skip,alias-exists-skip
hyperos3-icons/apps/128/com.ai.obc.cbn.app.png,com.ai.obc.cbn.app,App,application icon,com.ai.obc.cbn.app -> ai-obc-cbn-app,hyperos icons/apps@2x/scalable/ai-obc-cbn-app.svg,fallback,exists-skip,alias-exists-skip
hyperos3-icons/apps/128/com.alibaba.android.rimet.png,com.alibaba.android.rimet,Rimet,application icon,com.alibaba.android.rimet -> alibaba-android-rimet,hyperos icons/apps/scalable/alibaba-android-rimet.svg,fallback,exists-skip,alias-exists-skip
hyperos3-icons/apps/128/com.alibaba.android.rimet.png,com.alibaba.android.rimet,Rimet,application icon,com.alibaba.android.rimet -> alibaba-android-rimet,hyperos icons/apps@2x/scalable/alibaba-android-rimet.svg,fallback,exists-skip,alias-exists-skip
hyperos3-icons/apps/128/com.alibaba.wireless.png,com.alibaba.wireless,Wireless,application icon,com.alibaba.wireless -> alibaba-wireless,hyperos icons/apps/scalable/alibaba-wireless.svg,fallback,exists-skip,alias-exists-skip
hyperos3-icons/apps/128/com.alibaba.wireless.png,com.alibaba.wireless,Wireless,application icon,com.alibaba.wireless -> alibaba-wireless,hyperos icons/apps@2x/scalable/alibaba-wireless.svg,fallback,exists-skip,alias-exists-skip
hyperos3-icons/apps/128/com.aliyun.tongyi.png,com.aliyun.tongyi,Tongyi,application icon,com.aliyun.tongyi -> aliyun-tongyi,hyperos icons/apps/scalable/aliyun-tongyi.svg,fallback,exists-skip,alias-exists-skip
hyperos3-icons/apps/128/com.aliyun.tongyi.png,com.aliyun.tongyi,Tongyi,application icon,com.aliyun.tongyi -> aliyun-tongyi,hyperos icons/apps@2x/scalable/aliyun-tongyi.svg,fallback,exists-skip,alias-exists-skip
hyperos3-icons/apps/128/com.android.browser.png,com.android.browser,Browser,application icon,com.android.browser -> browser,hyperos icons/apps/scalable/browser.svg,fallback,exists-skip,alias-exists-skip
hyperos3-icons/apps/128/com.android.browser.png,com.android.browser,Browser,application icon,com.android.browser -> browser,hyperos icons/apps@2x/scalable/browser.svg,fallback,exists-skip,alias-exists-skip
hyperos3-icons/apps/128/com.android.calculator2.png,com.android.calculator2,Calculator2,application icon,com.android.calculator2 -> calculator,hyperos icons/apps/scalable/calculator.svg,mapped,exists-skip,alias-exists-skip
hyperos3-icons/apps/128/com.android.calculator2.png,com.android.calculator2,Calculator2,application icon,com.android.calculator2 -> calculator,hyperos icons/apps@2x/scalable/calculator.svg,mapped,exists-skip,alias-exists-skip
hyperos3-icons/apps/128/com.android.calendar.png,com.android.calendar,Calendar,application icon,com.android.calendar -> calendar,hyperos icons/apps/scalable/calendar.svg,fallback,exists-skip,alias-exists-skip
hyperos3-icons/apps/128/com.android.calendar.png,com.android.calendar,Calendar,application icon,com.android.calendar -> calendar,hyperos icons/apps@2x/scalable/calendar.svg,fallback,exists-skip,alias-exists-skip
hyperos3-icons/apps/128/com.android.camera.png,com.android.camera,Camera,application icon,com.android.camera -> camera-photo,hyperos icons/apps/scalable/camera-photo.svg,mapped,exists-skip,alias-exists-skip
hyperos3-icons/apps/128/com.android.camera.png,com.android.camera,Camera,application icon,com.android.camera -> camera-photo,hyperos icons/apps@2x/scalable/camera-photo.svg,mapped,exists-skip,alias-exists-skip
hyperos3-icons/apps/128/com.android.contacts.activities.TwelveKeyDialer.png,com.android.contacts.activities.TwelveKeyDialer,Twelve Key Dialer,application icon,com.android.contacts.activities.TwelveKeyDialer -> call-start,hyperos icons/apps/scalable/call-start.svg,mapped,exists-skip,alias-exists-skip
hyperos3-icons/apps/128/com.android.contacts.activities.TwelveKeyDialer.png,com.android.contacts.activities.TwelveKeyDialer,Twelve Key Dialer,application icon,com.android.contacts.activities.TwelveKeyDialer -> call-start,hyperos icons/apps@2x/scalable/call-start.svg,mapped,exists-skip,alias-exists-skip
hyperos3-icons/apps/128/com.android.contacts.png,com.android.contacts,Contacts,application icon,com.android.contacts -> x-office-address-book,hyperos icons/apps/scalable/x-office-address-book.svg,mapped,exists-skip,alias-exists-skip
hyperos3-icons/apps/128/com.android.contacts.png,com.android.contacts,Contacts,application icon,com.android.contacts -> x-office-address-book,hyperos icons/apps@2x/scalable/x-office-address-book.svg,mapped,exists-skip,alias-exists-skip
hyperos3-icons/apps/128/com.android.deskclock.png,com.android.deskclock,Deskclock,application icon,com.android.deskclock -> alarm,hyperos icons/apps/scalable/alarm.svg,mapped,exists-skip,alias-exists-skip
hyperos3-icons/apps/128/com.android.deskclock.png,com.android.deskclock,Deskclock,application icon,com.android.deskclock -> alarm,hyperos icons/apps@2x/scalable/alarm.svg,mapped,exists-skip,alias-exists-skip
hyperos3-icons/apps/128/com.android.email.png,com.android.email,Email,application icon,com.android.email -> internet-mail,hyperos icons/apps/scalable/internet-mail.svg,mapped,exists-skip,alias-exists-skip
hyperos3-icons/apps/128/com.android.email.png,com.android.email,Email,application icon,com.android.email -> internet-mail,hyperos icons/apps@2x/scalable/internet-mail.svg,mapped,exists-skip,alias-exists-skip
hyperos3-icons/apps/128/com.android.fileexplorer.png,com.android.fileexplorer,Fileexplorer,application icon,com.android.fileexplorer -> system-file-manager,hyperos icons/apps/scalable/system-file-manager.svg,mapped,exists-skip,alias-exists-skip
hyperos3-icons/apps/128/com.android.fileexplorer.png,com.android.fileexplorer,Fileexplorer,application icon,com.android.fileexplorer -> system-file-manager,hyperos icons/apps@2x/scalable/system-file-manager.svg,mapped,exists-skip,alias-exists-skip
hyperos3-icons/apps/128/com.android.gallery3d.png,com.android.gallery3d,Gallery3D,application icon,com.android.gallery3d -> gallery3d,hyperos icons/apps/scalable/gallery3d.svg,fallback,exists-skip,alias-exists-skip
hyperos3-icons/apps/128/com.android.gallery3d.png,com.android.gallery3d,Gallery3D,application icon,com.android.gallery3d -> gallery3d,hyperos icons/apps@2x/scalable/gallery3d.svg,fallback,exists-skip,alias-exists-skip
hyperos3-icons/apps/128/com.android.mms.png,com.android.mms,Mms,application icon,com.android.mms -> mail-message-new,hyperos icons/apps/scalable/mail-message-new.svg,mapped,exists-skip,alias-exists-skip
hyperos3-icons/apps/128/com.android.mms.png,com.android.mms,Mms,application icon,com.android.mms -> mail-message-new,hyperos icons/apps@2x/scalable/mail-message-new.svg,mapped,exists-skip,alias-exists-skip
hyperos3-icons/apps/128/com.android.music.png,com.android.music,Music,application icon,com.android.music -> multimedia-player,hyperos icons/apps/scalable/multimedia-player.svg,mapped,exists-skip,alias-exists-skip
hyperos3-icons/apps/128/com.android.music.png,com.android.music,Music,application icon,com.android.music -> multimedia-player,hyperos icons/apps@2x/scalable/multimedia-player.svg,mapped,exists-skip,alias-exists-skip
hyperos3-icons/apps/128/com.android.providers.contacts.CallLogProvider.png,com.android.providers.contacts.CallLogProvider,Call Log Provider,application icon,com.android.providers.contacts.CallLogProvider -> call-start,hyperos icons/apps/scalable/call-start.svg,mapped,exists-skip,alias-exists-skip
hyperos3-icons/apps/128/com.android.providers.contacts.CallLogProvider.png,com.android.providers.contacts.CallLogProvider,Call Log Provider,application icon,com.android.providers.contacts.CallLogProvider -> call-start,hyperos icons/apps@2x/scalable/call-start.svg,mapped,exists-skip,alias-exists-skip
hyperos3-icons/apps/128/com.android.providers.contacts.png,com.android.providers.contacts,Contacts,application icon,com.android.providers.contacts -> x-office-address-book,hyperos icons/apps/scalable/x-office-address-book.svg,mapped,exists-skip,alias-exists-skip
hyperos3-icons/apps/128/com.android.providers.contacts.png,com.android.providers.contacts,Contacts,application icon,com.android.providers.contacts -> x-office-address-book,hyperos icons/apps@2x/scalable/x-office-address-book.svg,mapped,exists-skip,alias-exists-skip
hyperos3-icons/apps/128/com.android.providers.downloads.png,com.android.providers.downloads,Downloads,application icon,com.android.providers.downloads -> folder-download,hyperos icons/apps/scalable/folder-download.svg,mapped,exists-skip,alias-exists-skip
hyperos3-icons/apps/128/com.android.providers.downloads.png,com.android.providers.downloads,Downloads,application icon,com.android.providers.downloads -> folder-download,hyperos icons/apps@2x/scalable/folder-download.svg,mapped,exists-skip,alias-exists-skip
hyperos3-icons/apps/128/com.android.providers.downloads.ui.png,com.android.providers.downloads.ui,Ui,application icon,com.android.providers.downloads.ui -> folder-download,hyperos icons/apps/scalable/folder-download.svg,mapped,exists-skip,alias-exists-skip
hyperos3-icons/apps/128/com.android.providers.downloads.ui.png,com.android.providers.downloads.ui,Ui,application icon,com.android.providers.downloads.ui -> folder-download,hyperos icons/apps@2x/scalable/folder-download.svg,mapped,exists-skip,alias-exists-skip
hyperos3-icons/apps/128/com.android.providers.telephony.png,com.android.providers.telephony,Telephony,application icon,com.android.providers.telephony -> providers-telephony,hyperos icons/apps/scalable/providers-telephony.svg,fallback,exists-skip,alias-exists-skip
hyperos3-icons/apps/128/com.android.providers.telephony.png,com.android.providers.telephony,Telephony,application icon,com.android.providers.telephony -> providers-telephony,hyperos icons/apps@2x/scalable/providers-telephony.svg,fallback,exists-skip,alias-exists-skip
hyperos3-icons/apps/128/com.android.settings.png,com.android.settings,Settings,application icon,com.android.settings -> preferences-system,hyperos icons/apps/scalable/preferences-system.svg,mapped,exists-skip,alias-exists-skip
hyperos3-icons/apps/128/com.android.settings.png,com.android.settings,Settings,application icon,com.android.settings -> preferences-system,hyperos icons/apps@2x/scalable/preferences-system.svg,mapped,exists-skip,alias-exists-skip
hyperos3-icons/apps/128/com.android.soundrecorder.png,com.android.soundrecorder,Soundrecorder,application icon,com.android.soundrecorder -> audio-input-microphone,hyperos icons/apps/scalable/audio-input-microphone.svg,mapped,exists-skip,alias-exists-skip
hyperos3-icons/apps/128/com.android.soundrecorder.png,com.android.soundrecorder,Soundrecorder,application icon,com.android.soundrecorder -> audio-input-microphone,hyperos icons/apps@2x/scalable/audio-input-microphone.svg,mapped,exists-skip,alias-exists-skip
hyperos3-icons/apps/128/com.android.thememanager.png,com.android.thememanager,Thememanager,application icon,com.android.thememanager -> preferences-desktop-theme,hyperos icons/apps/scalable/preferences-desktop-theme.svg,mapped,exists-skip,alias-exists-skip
hyperos3-icons/apps/128/com.android.thememanager.png,com.android.thememanager,Thememanager,application icon,com.android.thememanager -> preferences-desktop-theme,hyperos icons/apps@2x/scalable/preferences-desktop-theme.svg,mapped,exists-skip,alias-exists-skip
hyperos3-icons/apps/128/com.android.voicedialer.png,com.android.voicedialer,Voicedialer,application icon,com.android.voicedialer -> audio-headset,hyperos icons/apps/scalable/audio-headset.svg,mapped,exists-skip,alias-exists-skip
hyperos3-icons/apps/128/com.android.voicedialer.png,com.android.voicedialer,Voicedialer,application icon,com.android.voicedialer -> audio-headset,hyperos icons/apps@2x/scalable/audio-headset.svg,mapped,exists-skip,alias-exists-skip
hyperos3-icons/apps/128/com.apple.android.music.png,com.apple.android.music,Music,application icon,com.apple.android.music -> multimedia-player,hyperos icons/apps/scalable/multimedia-player.svg,mapped,exists-skip,alias-exists-skip
hyperos3-icons/apps/128/com.apple.android.music.png,com.apple.android.music,Music,application icon,com.apple.android.music -> multimedia-player,hyperos icons/apps@2x/scalable/multimedia-player.svg,mapped,exists-skip,alias-exists-skip
hyperos3-icons/apps/128/com.chinamworld.bocmbci.png,com.chinamworld.bocmbci,Bocmbci,application icon,com.chinamworld.bocmbci -> chinamworld-bocmbci,hyperos icons/apps/scalable/chinamworld-bocmbci.svg,fallback,exists-skip,alias-exists-skip
hyperos3-icons/apps/128/com.chinamworld.bocmbci.png,com.chinamworld.bocmbci,Bocmbci,application icon,com.chinamworld.bocmbci -> chinamworld-bocmbci,hyperos icons/apps@2x/scalable/chinamworld-bocmbci.svg,fallback,exists-skip,alias-exists-skip
hyperos3-icons/apps/128/com.coolapk.market.png,com.coolapk.market,Market,application icon,com.coolapk.market -> coolapk-market,hyperos icons/apps/scalable/coolapk-market.svg,fallback,exists-skip,alias-exists-skip
hyperos3-icons/apps/128/com.coolapk.market.png,com.coolapk.market,Market,application icon,com.coolapk.market -> coolapk-market,hyperos icons/apps@2x/scalable/coolapk-market.svg,fallback,exists-skip,alias-exists-skip
hyperos3-icons/apps/128/com.ct.client.png,com.ct.client,Client,application icon,com.ct.client -> ct-client,hyperos icons/apps/scalable/ct-client.svg,fallback,exists-skip,alias-exists-skip
hyperos3-icons/apps/128/com.ct.client.png,com.ct.client,Client,application icon,com.ct.client -> ct-client,hyperos icons/apps@2x/scalable/ct-client.svg,fallback,exists-skip,alias-exists-skip
hyperos3-icons/apps/128/com.cubic.autohome.png,com.cubic.autohome,Autohome,application icon,com.cubic.autohome -> cubic-autohome,hyperos icons/apps/scalable/cubic-autohome.svg,fallback,exists-skip,alias-exists-skip
hyperos3-icons/apps/128/com.cubic.autohome.png,com.cubic.autohome,Autohome,application icon,com.cubic.autohome -> cubic-autohome,hyperos icons/apps@2x/scalable/cubic-autohome.svg,fallback,exists-skip,alias-exists-skip
hyperos3-icons/apps/128/com.deepseek.chat.png,com.deepseek.chat,Chat,application icon,com.deepseek.chat -> deepseek-chat,hyperos icons/apps/scalable/deepseek-chat.svg,fallback,exists-skip,alias-exists-skip
hyperos3-icons/apps/128/com.deepseek.chat.png,com.deepseek.chat,Chat,application icon,com.deepseek.chat -> deepseek-chat,hyperos icons/apps@2x/scalable/deepseek-chat.svg,fallback,exists-skip,alias-exists-skip
hyperos3-icons/apps/128/com.douban.frodo.png,com.douban.frodo,Frodo,application icon,com.douban.frodo -> douban-frodo,hyperos icons/apps/scalable/douban-frodo.svg,fallback,exists-skip,alias-exists-skip
hyperos3-icons/apps/128/com.douban.frodo.png,com.douban.frodo,Frodo,application icon,com.douban.frodo -> douban-frodo,hyperos icons/apps@2x/scalable/douban-frodo.svg,fallback,exists-skip,alias-exists-skip
hyperos3-icons/apps/128/com.duokan.phone.remotecontroller.png,com.duokan.phone.remotecontroller,Remotecontroller,application icon,com.duokan.phone.remotecontroller -> duokan-phone-remotecontroller,hyperos icons/apps/scalable/duokan-phone-remotecontroller.svg,fallback,exists-skip,alias-exists-skip
hyperos3-icons/apps/128/com.duokan.phone.remotecontroller.png,com.duokan.phone.remotecontroller,Remotecontroller,application icon,com.duokan.phone.remotecontroller -> duokan-phone-remotecontroller,hyperos icons/apps@2x/scalable/duokan-phone-remotecontroller.svg,fallback,exists-skip,alias-exists-skip
hyperos3-icons/apps/128/com.duokan.reader.png,com.duokan.reader,Reader,application icon,com.duokan.reader -> duokan-reader,hyperos icons/apps/scalable/duokan-reader.svg,fallback,exists-skip,alias-exists-skip
hyperos3-icons/apps/128/com.duokan.reader.png,com.duokan.reader,Reader,application icon,com.duokan.reader -> duokan-reader,hyperos icons/apps@2x/scalable/duokan-reader.svg,fallback,exists-skip,alias-exists-skip
hyperos3-icons/apps/128/com.eg.android.AlipayGphone.png,com.eg.android.AlipayGphone,Alipay Gphone,application icon,com.eg.android.AlipayGphone -> eg-android-alipaygphone,hyperos icons/apps/scalable/eg-android-alipaygphone.svg,fallback,exists-skip,alias-exists-skip
hyperos3-icons/apps/128/com.eg.android.AlipayGphone.png,com.eg.android.AlipayGphone,Alipay Gphone,application icon,com.eg.android.AlipayGphone -> eg-android-alipaygphone,hyperos icons/apps@2x/scalable/eg-android-alipaygphone.svg,fallback,exists-skip,alias-exists-skip
hyperos3-icons/apps/128/com.facebook.katana.png,com.facebook.katana,Katana,application icon,com.facebook.katana -> facebook,hyperos icons/apps/scalable/facebook.svg,mapped,exists-skip,alias-exists-skip
hyperos3-icons/apps/128/com.facebook.katana.png,com.facebook.katana,Katana,application icon,com.facebook.katana -> facebook,hyperos icons/apps@2x/scalable/facebook.svg,mapped,exists-skip,alias-exists-skip
hyperos3-icons/apps/128/com.facebook.orca.png,com.facebook.orca,Orca,application icon,com.facebook.orca -> messenger,hyperos icons/apps/scalable/messenger.svg,mapped,exists-skip,alias-exists-skip
hyperos3-icons/apps/128/com.facebook.orca.png,com.facebook.orca,Orca,application icon,com.facebook.orca -> messenger,hyperos icons/apps@2x/scalable/messenger.svg,mapped,exists-skip,alias-exists-skip
hyperos3-icons/apps/128/com.greenpoint.android.mc10086.activity.png,com.greenpoint.android.mc10086.activity,Activity,application icon,com.greenpoint.android.mc10086.activity -> greenpoint-android-mc10086-activity,hyperos icons/apps/scalable/greenpoint-android-mc10086-activity.svg,fallback,exists-skip,alias-exists-skip
hyperos3-icons/apps/128/com.greenpoint.android.mc10086.activity.png,com.greenpoint.android.mc10086.activity,Activity,application icon,com.greenpoint.android.mc10086.activity -> greenpoint-android-mc10086-activity,hyperos icons/apps@2x/scalable/greenpoint-android-mc10086-activity.svg,fallback,exists-skip,alias-exists-skip
hyperos3-icons/apps/128/com.hunantv.imgo.activity.png,com.hunantv.imgo.activity,Activity,application icon,com.hunantv.imgo.activity -> hunantv-imgo-activity,hyperos icons/apps/scalable/hunantv-imgo-activity.svg,fallback,exists-skip,alias-exists-skip
hyperos3-icons/apps/128/com.hunantv.imgo.activity.png,com.hunantv.imgo.activity,Activity,application icon,com.hunantv.imgo.activity -> hunantv-imgo-activity,hyperos icons/apps@2x/scalable/hunantv-imgo-activity.svg,fallback,exists-skip,alias-exists-skip
hyperos3-icons/apps/128/com.hupu.shihuo.png,com.hupu.shihuo,Shihuo,application icon,com.hupu.shihuo -> hupu-shihuo,hyperos icons/apps/scalable/hupu-shihuo.svg,fallback,exists-skip,alias-exists-skip
hyperos3-icons/apps/128/com.hupu.shihuo.png,com.hupu.shihuo,Shihuo,application icon,com.hupu.shihuo -> hupu-shihuo,hyperos icons/apps@2x/scalable/hupu-shihuo.svg,fallback,exists-skip,alias-exists-skip
hyperos3-icons/apps/128/com.icbc.png,com.icbc,Icbc,application icon,com.icbc -> icbc,hyperos icons/apps/scalable/icbc.svg,fallback,exists-skip,alias-exists-skip
hyperos3-icons/apps/128/com.icbc.png,com.icbc,Icbc,application icon,com.icbc -> icbc,hyperos icons/apps@2x/scalable/icbc.svg,fallback,exists-skip,alias-exists-skip
hyperos3-icons/apps/128/com.instagram.android.png,com.instagram.android,Android,application icon,com.instagram.android -> instagram,hyperos icons/apps/scalable/instagram.svg,mapped,exists-skip,alias-exists-skip
hyperos3-icons/apps/128/com.instagram.android.png,com.instagram.android,Android,application icon,com.instagram.android -> instagram,hyperos icons/apps@2x/scalable/instagram.svg,mapped,exists-skip,alias-exists-skip
hyperos3-icons/apps/128/com.jingdong.app.mall.png,com.jingdong.app.mall,Mall,application icon,com.jingdong.app.mall -> jingdong-app-mall,hyperos icons/apps/scalable/jingdong-app-mall.svg,fallback,exists-skip,alias-exists-skip
hyperos3-icons/apps/128/com.jingdong.app.mall.png,com.jingdong.app.mall,Mall,application icon,com.jingdong.app.mall -> jingdong-app-mall,hyperos icons/apps@2x/scalable/jingdong-app-mall.svg,fallback,exists-skip,alias-exists-skip
hyperos3-icons/apps/128/com.jingyao.easybike.png,com.jingyao.easybike,Easybike,application icon,com.jingyao.easybike -> jingyao-easybike,hyperos icons/apps/scalable/jingyao-easybike.svg,fallback,exists-skip,alias-exists-skip
hyperos3-icons/apps/128/com.jingyao.easybike.png,com.jingyao.easybike,Easybike,application icon,com.jingyao.easybike -> jingyao-easybike,hyperos icons/apps@2x/scalable/jingyao-easybike.svg,fallback,exists-skip,alias-exists-skip
hyperos3-icons/apps/128/com.koudai.weidian.buyer.png,com.koudai.weidian.buyer,Buyer,application icon,com.koudai.weidian.buyer -> koudai-weidian-buyer,hyperos icons/apps/scalable/koudai-weidian-buyer.svg,fallback,exists-skip,alias-exists-skip
hyperos3-icons/apps/128/com.koudai.weidian.buyer.png,com.koudai.weidian.buyer,Buyer,application icon,com.koudai.weidian.buyer -> koudai-weidian-buyer,hyperos icons/apps@2x/scalable/koudai-weidian-buyer.svg,fallback,exists-skip,alias-exists-skip
hyperos3-icons/apps/128/com.koudai.weishop.png,com.koudai.weishop,Weishop,application icon,com.koudai.weishop -> koudai-weishop,hyperos icons/apps/scalable/koudai-weishop.svg,fallback,exists-skip,alias-exists-skip
hyperos3-icons/apps/128/com.koudai.weishop.png,com.koudai.weishop,Weishop,application icon,com.koudai.weishop -> koudai-weishop,hyperos icons/apps@2x/scalable/koudai-weishop.svg,fallback,exists-skip,alias-exists-skip
hyperos3-icons/apps/128/com.kuaishou.nebula.png,com.kuaishou.nebula,Nebula,application icon,com.kuaishou.nebula -> kuaishou-nebula,hyperos icons/apps/scalable/kuaishou-nebula.svg,fallback,exists-skip,alias-exists-skip
hyperos3-icons/apps/128/com.kuaishou.nebula.png,com.kuaishou.nebula,Nebula,application icon,com.kuaishou.nebula -> kuaishou-nebula,hyperos icons/apps@2x/scalable/kuaishou-nebula.svg,fallback,exists-skip,alias-exists-skip
hyperos3-icons/apps/128/com.kugou.android.png,com.kugou.android,Android,application icon,com.kugou.android -> kugou-android,hyperos icons/apps/scalable/kugou-android.svg,fallback,exists-skip,alias-exists-skip
hyperos3-icons/apps/128/com.kugou.android.png,com.kugou.android,Android,application icon,com.kugou.android -> kugou-android,hyperos icons/apps@2x/scalable/kugou-android.svg,fallback,exists-skip,alias-exists-skip
hyperos3-icons/apps/128/com.lemon.lv.png,com.lemon.lv,Lv,application icon,com.lemon.lv -> lemon-lv,hyperos icons/apps/scalable/lemon-lv.svg,fallback,exists-skip,alias-exists-skip
hyperos3-icons/apps/128/com.lemon.lv.png,com.lemon.lv,Lv,application icon,com.lemon.lv -> lemon-lv,hyperos icons/apps@2x/scalable/lemon-lv.svg,fallback,exists-skip,alias-exists-skip
hyperos3-icons/apps/128/com.lianjia.beike.png,com.lianjia.beike,Beike,application icon,com.lianjia.beike -> lianjia-beike,hyperos icons/apps/scalable/lianjia-beike.svg,fallback,exists-skip,alias-exists-skip
hyperos3-icons/apps/128/com.lianjia.beike.png,com.lianjia.beike,Beike,application icon,com.lianjia.beike -> lianjia-beike,hyperos icons/apps@2x/scalable/lianjia-beike.svg,fallback,exists-skip,alias-exists-skip
hyperos3-icons/apps/128/com.mi.android.globalFileexplorer.png,com.mi.android.globalFileexplorer,Global Fileexplorer,application icon,com.mi.android.globalFileexplorer -> system-file-manager,hyperos icons/apps/scalable/system-file-manager.svg,mapped,exists-skip,alias-exists-skip
hyperos3-icons/apps/128/com.mi.android.globalFileexplorer.png,com.mi.android.globalFileexplorer,Global Fileexplorer,application icon,com.mi.android.globalFileexplorer -> system-file-manager,hyperos icons/apps@2x/scalable/system-file-manager.svg,mapped,exists-skip,alias-exists-skip
hyperos3-icons/apps/128/com.mi.earphone.png,com.mi.earphone,Earphone,application icon,com.mi.earphone -> earphone,hyperos icons/apps/scalable/earphone.svg,fallback,exists-skip,alias-exists-skip
hyperos3-icons/apps/128/com.mi.earphone.png,com.mi.earphone,Earphone,application icon,com.mi.earphone -> earphone,hyperos icons/apps@2x/scalable/earphone.svg,fallback,exists-skip,alias-exists-skip
hyperos3-icons/apps/128/com.mi.globalbrowser.png,com.mi.globalbrowser,Globalbrowser,application icon,com.mi.globalbrowser -> globalbrowser,hyperos icons/apps/scalable/globalbrowser.svg,fallback,exists-skip,alias-exists-skip
hyperos3-icons/apps/128/com.mi.globalbrowser.png,com.mi.globalbrowser,Globalbrowser,application icon,com.mi.globalbrowser -> globalbrowser,hyperos icons/apps@2x/scalable/globalbrowser.svg,fallback,exists-skip,alias-exists-skip
hyperos3-icons/apps/128/com.mi.health.png,com.mi.health,Health,application icon,com.mi.health -> health,hyperos icons/apps/scalable/health.svg,fallback,exists-skip,alias-exists-skip
hyperos3-icons/apps/128/com.mi.health.png,com.mi.health,Health,application icon,com.mi.health -> health,hyperos icons/apps@2x/scalable/health.svg,fallback,exists-skip,alias-exists-skip
hyperos3-icons/apps/128/com.milink.service.png,com.milink.service,Service,application icon,com.milink.service -> milink-service,hyperos icons/apps/scalable/milink-service.svg,fallback,exists-skip,alias-exists-skip
hyperos3-icons/apps/128/com.milink.service.png,com.milink.service,Service,application icon,com.milink.service -> milink-service,hyperos icons/apps@2x/scalable/milink-service.svg,fallback,exists-skip,alias-exists-skip
hyperos3-icons/apps/128/com.mipay.wallet.png,com.mipay.wallet,Wallet,application icon,com.mipay.wallet -> mipay-wallet,hyperos icons/apps/scalable/mipay-wallet.svg,fallback,exists-skip,alias-exists-skip
hyperos3-icons/apps/128/com.mipay.wallet.png,com.mipay.wallet,Wallet,application icon,com.mipay.wallet -> mipay-wallet,hyperos icons/apps@2x/scalable/mipay-wallet.svg,fallback,exists-skip,alias-exists-skip
hyperos3-icons/apps/128/com.miui.barcodescanner.png,com.miui.barcodescanner,Barcodescanner,application icon,com.miui.barcodescanner -> barcodescanner,hyperos icons/apps/scalable/barcodescanner.svg,fallback,exists-skip,alias-exists-skip
hyperos3-icons/apps/128/com.miui.barcodescanner.png,com.miui.barcodescanner,Barcodescanner,application icon,com.miui.barcodescanner -> barcodescanner,hyperos icons/apps@2x/scalable/barcodescanner.svg,fallback,exists-skip,alias-exists-skip
hyperos3-icons/apps/128/com.miui.bugreport.png,com.miui.bugreport,Bugreport,application icon,com.miui.bugreport -> bugreport,hyperos icons/apps/scalable/bugreport.svg,fallback,exists-skip,alias-exists-skip
hyperos3-icons/apps/128/com.miui.bugreport.png,com.miui.bugreport,Bugreport,application icon,com.miui.bugreport -> bugreport,hyperos icons/apps@2x/scalable/bugreport.svg,fallback,exists-skip,alias-exists-skip
hyperos3-icons/apps/128/com.miui.calculator.png,com.miui.calculator,Calculator,application icon,com.miui.calculator -> calculator,hyperos icons/apps/scalable/calculator.svg,mapped,exists-skip,alias-exists-skip
hyperos3-icons/apps/128/com.miui.calculator.png,com.miui.calculator,Calculator,application icon,com.miui.calculator -> calculator,hyperos icons/apps@2x/scalable/calculator.svg,mapped,exists-skip,alias-exists-skip
hyperos3-icons/apps/128/com.miui.compass.png,com.miui.compass,Compass,application icon,com.miui.compass -> compass,hyperos icons/apps/scalable/compass.svg,mapped,exists-skip,alias-exists-skip
hyperos3-icons/apps/128/com.miui.compass.png,com.miui.compass,Compass,application icon,com.miui.compass -> compass,hyperos icons/apps@2x/scalable/compass.svg,mapped,exists-skip,alias-exists-skip
hyperos3-icons/apps/128/com.miui.fm.png,com.miui.fm,Fm,application icon,com.miui.fm -> radio,hyperos icons/apps/scalable/radio.svg,mapped,exists-skip,alias-exists-skip
hyperos3-icons/apps/128/com.miui.fm.png,com.miui.fm,Fm,application icon,com.miui.fm -> radio,hyperos icons/apps@2x/scalable/radio.svg,mapped,exists-skip,alias-exists-skip
hyperos3-icons/apps/128/com.miui.fmradio.png,com.miui.fmradio,Fmradio,application icon,com.miui.fmradio -> radio,hyperos icons/apps/scalable/radio.svg,mapped,exists-skip,alias-exists-skip
hyperos3-icons/apps/128/com.miui.fmradio.png,com.miui.fmradio,Fmradio,application icon,com.miui.fmradio -> radio,hyperos icons/apps@2x/scalable/radio.svg,mapped,exists-skip,alias-exists-skip
hyperos3-icons/apps/128/com.miui.fmservice.png,com.miui.fmservice,Fmservice,application icon,com.miui.fmservice -> fmservice,hyperos icons/apps/scalable/fmservice.svg,fallback,exists-skip,alias-exists-skip
hyperos3-icons/apps/128/com.miui.fmservice.png,com.miui.fmservice,Fmservice,application icon,com.miui.fmservice -> fmservice,hyperos icons/apps@2x/scalable/fmservice.svg,fallback,exists-skip,alias-exists-skip
hyperos3-icons/apps/128/com.miui.gallery.png,com.miui.gallery,Gallery,application icon,com.miui.gallery -> org.gnome.Photos,hyperos icons/apps/scalable/org.gnome.Photos.svg,mapped,exists-skip,alias-exists-skip
hyperos3-icons/apps/128/com.miui.gallery.png,com.miui.gallery,Gallery,application icon,com.miui.gallery -> org.gnome.Photos,hyperos icons/apps@2x/scalable/org.gnome.Photos.svg,mapped,exists-skip,alias-exists-skip
hyperos3-icons/apps/128/com.miui.home.clear_bg.png,com.miui.home.clear_bg,Clear Bg,application icon,com.miui.home.clear_bg -> home-clear-bg,hyperos icons/apps/scalable/home-clear-bg.svg,fallback,exists-skip,alias-exists-skip
hyperos3-icons/apps/128/com.miui.home.clear_bg.png,com.miui.home.clear_bg,Clear Bg,application icon,com.miui.home.clear_bg -> home-clear-bg,hyperos icons/apps@2x/scalable/home-clear-bg.svg,fallback,exists-skip,alias-exists-skip
hyperos3-icons/apps/128/com.miui.huanji.png,com.miui.huanji,Huanji,application icon,com.miui.huanji -> huanji,hyperos icons/apps/scalable/huanji.svg,fallback,exists-skip,alias-exists-skip
hyperos3-icons/apps/128/com.miui.huanji.png,com.miui.huanji,Huanji,application icon,com.miui.huanji -> huanji,hyperos icons/apps@2x/scalable/huanji.svg,fallback,exists-skip,alias-exists-skip
hyperos3-icons/apps/128/com.miui.miservice.png,com.miui.miservice,Miservice,application icon,com.miui.miservice -> miservice,hyperos icons/apps/scalable/miservice.svg,fallback,exists-skip,alias-exists-skip
hyperos3-icons/apps/128/com.miui.miservice.png,com.miui.miservice,Miservice,application icon,com.miui.miservice -> miservice,hyperos icons/apps@2x/scalable/miservice.svg,fallback,exists-skip,alias-exists-skip
hyperos3-icons/apps/128/com.miui.notes.png,com.miui.notes,Notes,application icon,com.miui.notes -> notes,hyperos icons/apps/scalable/notes.svg,mapped,exists-skip,alias-exists-skip
hyperos3-icons/apps/128/com.miui.notes.png,com.miui.notes,Notes,application icon,com.miui.notes -> notes,hyperos icons/apps@2x/scalable/notes.svg,mapped,exists-skip,alias-exists-skip
hyperos3-icons/apps/128/com.miui.player.png,com.miui.player,Player,application icon,com.miui.player -> multimedia-player,hyperos icons/apps/scalable/multimedia-player.svg,mapped,exists-skip,alias-exists-skip
hyperos3-icons/apps/128/com.miui.player.png,com.miui.player,Player,application icon,com.miui.player -> multimedia-player,hyperos icons/apps@2x/scalable/multimedia-player.svg,mapped,exists-skip,alias-exists-skip
hyperos3-icons/apps/128/com.miui.screenrecorder.png,com.miui.screenrecorder,Screenrecorder,application icon,com.miui.screenrecorder -> media-record,hyperos icons/apps/scalable/media-record.svg,mapped,exists-skip,alias-exists-skip
hyperos3-icons/apps/128/com.miui.screenrecorder.png,com.miui.screenrecorder,Screenrecorder,application icon,com.miui.screenrecorder -> media-record,hyperos icons/apps@2x/scalable/media-record.svg,mapped,exists-skip,alias-exists-skip
hyperos3-icons/apps/128/com.miui.securitycenter.Main.png,com.miui.securitycenter.Main,Main,application icon,com.miui.securitycenter.Main -> securitycenter-main,hyperos icons/apps/scalable/securitycenter-main.svg,fallback,exists-skip,alias-exists-skip
hyperos3-icons/apps/128/com.miui.securitycenter.Main.png,com.miui.securitycenter.Main,Main,application icon,com.miui.securitycenter.Main -> securitycenter-main,hyperos icons/apps@2x/scalable/securitycenter-main.svg,fallback,exists-skip,alias-exists-skip
hyperos3-icons/apps/128/com.miui.securitycenter.MainActivity.png,com.miui.securitycenter.MainActivity,Main Activity,application icon,com.miui.securitycenter.MainActivity -> securitycenter-mainactivity,hyperos icons/apps/scalable/securitycenter-mainactivity.svg,fallback,exists-skip,alias-exists-skip
hyperos3-icons/apps/128/com.miui.securitycenter.MainActivity.png,com.miui.securitycenter.MainActivity,Main Activity,application icon,com.miui.securitycenter.MainActivity -> securitycenter-mainactivity,hyperos icons/apps@2x/scalable/securitycenter-mainactivity.svg,fallback,exists-skip,alias-exists-skip
hyperos3-icons/apps/128/com.miui.securitycenter.png,com.miui.securitycenter,Securitycenter,application icon,com.miui.securitycenter -> securitycenter,hyperos icons/apps/scalable/securitycenter.svg,fallback,exists-skip,alias-exists-skip
hyperos3-icons/apps/128/com.miui.securitycenter.png,com.miui.securitycenter,Securitycenter,application icon,com.miui.securitycenter -> securitycenter,hyperos icons/apps@2x/scalable/securitycenter.svg,fallback,exists-skip,alias-exists-skip
hyperos3-icons/apps/128/com.miui.supermarket.png,com.miui.supermarket,Supermarket,application icon,com.miui.supermarket -> supermarket,hyperos icons/apps/scalable/supermarket.svg,fallback,exists-skip,alias-exists-skip
hyperos3-icons/apps/128/com.miui.supermarket.png,com.miui.supermarket,Supermarket,application icon,com.miui.supermarket -> supermarket,hyperos icons/apps@2x/scalable/supermarket.svg,fallback,exists-skip,alias-exists-skip
hyperos3-icons/apps/128/com.miui.video.png,com.miui.video,Video,application icon,com.miui.video -> video-display,hyperos icons/apps/scalable/video-display.svg,mapped,exists-skip,alias-exists-skip
hyperos3-icons/apps/128/com.miui.video.png,com.miui.video,Video,application icon,com.miui.video -> video-display,hyperos icons/apps@2x/scalable/video-display.svg,mapped,exists-skip,alias-exists-skip
hyperos3-icons/apps/128/com.miui.videoplayer.png,com.miui.videoplayer,Videoplayer,application icon,com.miui.videoplayer -> video-display,hyperos icons/apps/scalable/video-display.svg,mapped,exists-skip,alias-exists-skip
hyperos3-icons/apps/128/com.miui.videoplayer.png,com.miui.videoplayer,Videoplayer,application icon,com.miui.videoplayer -> video-display,hyperos icons/apps@2x/scalable/video-display.svg,mapped,exists-skip,alias-exists-skip
hyperos3-icons/apps/128/com.miui.virtualsim.png,com.miui.virtualsim,Virtualsim,application icon,com.miui.virtualsim -> virtualsim,hyperos icons/apps/scalable/virtualsim.svg,fallback,exists-skip,alias-exists-skip
hyperos3-icons/apps/128/com.miui.virtualsim.png,com.miui.virtualsim,Virtualsim,application icon,com.miui.virtualsim -> virtualsim,hyperos icons/apps@2x/scalable/virtualsim.svg,fallback,exists-skip,alias-exists-skip
hyperos3-icons/apps/128/com.miui.voiceassist.png,com.miui.voiceassist,Voiceassist,application icon,com.miui.voiceassist -> voiceassist,hyperos icons/apps/scalable/voiceassist.svg,fallback,exists-skip,alias-exists-skip
hyperos3-icons/apps/128/com.miui.voiceassist.png,com.miui.voiceassist,Voiceassist,application icon,com.miui.voiceassist -> voiceassist,hyperos icons/apps@2x/scalable/voiceassist.svg,fallback,exists-skip,alias-exists-skip
hyperos3-icons/apps/128/com.miui.weather2.png,com.miui.weather2,Weather2,application icon,com.miui.weather2 -> weather-severe-alert,hyperos icons/apps/scalable/weather-severe-alert.svg,mapped,exists-skip,alias-exists-skip
hyperos3-icons/apps/128/com.miui.weather2.png,com.miui.weather2,Weather2,application icon,com.miui.weather2 -> weather-severe-alert,hyperos icons/apps@2x/scalable/weather-severe-alert.svg,mapped,exists-skip,alias-exists-skip
hyperos3-icons/apps/128/com.mlab.cam.png,com.mlab.cam,Cam,application icon,com.mlab.cam -> mlab-cam,hyperos icons/apps/scalable/mlab-cam.svg,fallback,exists-skip,alias-exists-skip
hyperos3-icons/apps/128/com.mlab.cam.png,com.mlab.cam,Cam,application icon,com.mlab.cam -> mlab-cam,hyperos icons/apps@2x/scalable/mlab-cam.svg,fallback,exists-skip,alias-exists-skip
hyperos3-icons/apps/128/com.moonshot.kimichat.png,com.moonshot.kimichat,Kimichat,application icon,com.moonshot.kimichat -> moonshot-kimichat,hyperos icons/apps/scalable/moonshot-kimichat.svg,fallback,exists-skip,alias-exists-skip
hyperos3-icons/apps/128/com.moonshot.kimichat.png,com.moonshot.kimichat,Kimichat,application icon,com.moonshot.kimichat -> moonshot-kimichat,hyperos icons/apps@2x/scalable/moonshot-kimichat.svg,fallback,exists-skip,alias-exists-skip
hyperos3-icons/apps/128/com.mxtech.videoplayer.ad.png,com.mxtech.videoplayer.ad,Ad,application icon,com.mxtech.videoplayer.ad -> mxtech-videoplayer-ad,hyperos icons/apps/scalable/mxtech-videoplayer-ad.svg,fallback,exists-skip,alias-exists-skip
hyperos3-icons/apps/128/com.mxtech.videoplayer.ad.png,com.mxtech.videoplayer.ad,Ad,application icon,com.mxtech.videoplayer.ad -> mxtech-videoplayer-ad,hyperos icons/apps@2x/scalable/mxtech-videoplayer-ad.svg,fallback,exists-skip,alias-exists-skip
hyperos3-icons/apps/128/com.netease.cloudmusic.png,com.netease.cloudmusic,Cloudmusic,application icon,com.netease.cloudmusic -> netease-cloud-music,hyperos icons/apps/scalable/netease-cloud-music.svg,mapped,exists-skip,alias-exists-skip
hyperos3-icons/apps/128/com.netease.cloudmusic.png,com.netease.cloudmusic,Cloudmusic,application icon,com.netease.cloudmusic -> netease-cloud-music,hyperos icons/apps@2x/scalable/netease-cloud-music.svg,mapped,exists-skip,alias-exists-skip
hyperos3-icons/apps/128/com.oppo.store.png,com.oppo.store,Store,application icon,com.oppo.store -> oppo-store,hyperos icons/apps/scalable/oppo-store.svg,fallback,exists-skip,alias-exists-skip
hyperos3-icons/apps/128/com.oppo.store.png,com.oppo.store,Store,application icon,com.oppo.store -> oppo-store,hyperos icons/apps@2x/scalable/oppo-store.svg,fallback,exists-skip,alias-exists-skip
hyperos3-icons/apps/128/com.qihoo.namiso.png,com.qihoo.namiso,Namiso,application icon,com.qihoo.namiso -> qihoo-namiso,hyperos icons/apps/scalable/qihoo-namiso.svg,fallback,exists-skip,alias-exists-skip
hyperos3-icons/apps/128/com.qihoo.namiso.png,com.qihoo.namiso,Namiso,application icon,com.qihoo.namiso -> qihoo-namiso,hyperos icons/apps@2x/scalable/qihoo-namiso.svg,fallback,exists-skip,alias-exists-skip
hyperos3-icons/apps/128/com.quark.browser.png,com.quark.browser,Browser,application icon,com.quark.browser -> quark-browser,hyperos icons/apps/scalable/quark-browser.svg,fallback,exists-skip,alias-exists-skip
hyperos3-icons/apps/128/com.quark.browser.png,com.quark.browser,Browser,application icon,com.quark.browser -> quark-browser,hyperos icons/apps@2x/scalable/quark-browser.svg,fallback,exists-skip,alias-exists-skip
hyperos3-icons/apps/128/com.sankuai.meituan.takeoutnew.png,com.sankuai.meituan.takeoutnew,Takeoutnew,application icon,com.sankuai.meituan.takeoutnew -> sankuai-meituan-takeoutnew,hyperos icons/apps/scalable/sankuai-meituan-takeoutnew.svg,fallback,exists-skip,alias-exists-skip
hyperos3-icons/apps/128/com.sankuai.meituan.takeoutnew.png,com.sankuai.meituan.takeoutnew,Takeoutnew,application icon,com.sankuai.meituan.takeoutnew -> sankuai-meituan-takeoutnew,hyperos icons/apps@2x/scalable/sankuai-meituan-takeoutnew.svg,fallback,exists-skip,alias-exists-skip
hyperos3-icons/apps/128/com.sevtinge.hyperceiler.png,com.sevtinge.hyperceiler,Hyperceiler,application icon,com.sevtinge.hyperceiler -> sevtinge-hyperceiler,hyperos icons/apps/scalable/sevtinge-hyperceiler.svg,fallback,exists-skip,alias-exists-skip
hyperos3-icons/apps/128/com.sevtinge.hyperceiler.png,com.sevtinge.hyperceiler,Hyperceiler,application icon,com.sevtinge.hyperceiler -> sevtinge-hyperceiler,hyperos icons/apps@2x/scalable/sevtinge-hyperceiler.svg,fallback,exists-skip,alias-exists-skip
hyperos3-icons/apps/128/com.shazam.android.png,com.shazam.android,Android,application icon,com.shazam.android -> shazam-android,hyperos icons/apps/scalable/shazam-android.svg,fallback,exists-skip,alias-exists-skip
hyperos3-icons/apps/128/com.shazam.android.png,com.shazam.android,Android,application icon,com.shazam.android -> shazam-android,hyperos icons/apps@2x/scalable/shazam-android.svg,fallback,exists-skip,alias-exists-skip
hyperos3-icons/apps/128/com.shizhuang.duapp.png,com.shizhuang.duapp,Duapp,application icon,com.shizhuang.duapp -> shizhuang-duapp,hyperos icons/apps/scalable/shizhuang-duapp.svg,fallback,exists-skip,alias-exists-skip
hyperos3-icons/apps/128/com.shizhuang.duapp.png,com.shizhuang.duapp,Duapp,application icon,com.shizhuang.duapp -> shizhuang-duapp,hyperos icons/apps@2x/scalable/shizhuang-duapp.svg,fallback,exists-skip,alias-exists-skip
hyperos3-icons/apps/128/com.smile.gifmaker.png,com.smile.gifmaker,Gifmaker,application icon,com.smile.gifmaker -> smile-gifmaker,hyperos icons/apps/scalable/smile-gifmaker.svg,fallback,exists-skip,alias-exists-skip
hyperos3-icons/apps/128/com.smile.gifmaker.png,com.smile.gifmaker,Gifmaker,application icon,com.smile.gifmaker -> smile-gifmaker,hyperos icons/apps@2x/scalable/smile-gifmaker.svg,fallback,exists-skip,alias-exists-skip
hyperos3-icons/apps/128/com.soundcloud.android.png,com.soundcloud.android,Android,application icon,com.soundcloud.android -> soundcloud-android,hyperos icons/apps/scalable/soundcloud-android.svg,fallback,exists-skip,alias-exists-skip
hyperos3-icons/apps/128/com.soundcloud.android.png,com.soundcloud.android,Android,application icon,com.soundcloud.android -> soundcloud-android,hyperos icons/apps@2x/scalable/soundcloud-android.svg,fallback,exists-skip,alias-exists-skip
hyperos3-icons/apps/128/com.spotify.music.png,com.spotify.music,Music,application icon,com.spotify.music -> spotify-client,hyperos icons/apps/scalable/spotify-client.svg,mapped,exists-skip,alias-exists-skip
hyperos3-icons/apps/128/com.spotify.music.png,com.spotify.music,Music,application icon,com.spotify.music -> spotify-client,hyperos icons/apps@2x/scalable/spotify-client.svg,mapped,exists-skip,alias-exists-skip
hyperos3-icons/apps/128/com.ss.android.article.news.png,com.ss.android.article.news,News,application icon,com.ss.android.article.news -> article-news,hyperos icons/apps/scalable/article-news.svg,fallback,exists-skip,alias-exists-skip
hyperos3-icons/apps/128/com.ss.android.article.news.png,com.ss.android.article.news,News,application icon,com.ss.android.article.news -> article-news,hyperos icons/apps@2x/scalable/article-news.svg,fallback,exists-skip,alias-exists-skip
hyperos3-icons/apps/128/com.ss.android.auto.png,com.ss.android.auto,Auto,application icon,com.ss.android.auto -> auto,hyperos icons/apps/scalable/auto.svg,fallback,exists-skip,alias-exists-skip
hyperos3-icons/apps/128/com.ss.android.auto.png,com.ss.android.auto,Auto,application icon,com.ss.android.auto -> auto,hyperos icons/apps@2x/scalable/auto.svg,fallback,exists-skip,alias-exists-skip
hyperos3-icons/apps/128/com.ss.android.lark.png,com.ss.android.lark,Lark,application icon,com.ss.android.lark -> lark,hyperos icons/apps/scalable/lark.svg,fallback,exists-skip,alias-exists-skip
hyperos3-icons/apps/128/com.ss.android.lark.png,com.ss.android.lark,Lark,application icon,com.ss.android.lark -> lark,hyperos icons/apps@2x/scalable/lark.svg,fallback,exists-skip,alias-exists-skip
hyperos3-icons/apps/128/com.ss.android.ugc.aweme.lite.png,com.ss.android.ugc.aweme.lite,Lite,application icon,com.ss.android.ugc.aweme.lite -> ugc-aweme-lite,hyperos icons/apps/scalable/ugc-aweme-lite.svg,fallback,exists-skip,alias-exists-skip
hyperos3-icons/apps/128/com.ss.android.ugc.aweme.lite.png,com.ss.android.ugc.aweme.lite,Lite,application icon,com.ss.android.ugc.aweme.lite -> ugc-aweme-lite,hyperos icons/apps@2x/scalable/ugc-aweme-lite.svg,fallback,exists-skip,alias-exists-skip
hyperos3-icons/apps/128/com.ss.android.ugc.aweme.png,com.ss.android.ugc.aweme,Aweme,application icon,com.ss.android.ugc.aweme -> ugc-aweme,hyperos icons/apps/scalable/ugc-aweme.svg,fallback,exists-skip,alias-exists-skip
hyperos3-icons/apps/128/com.ss.android.ugc.aweme.png,com.ss.android.ugc.aweme,Aweme,application icon,com.ss.android.ugc.aweme -> ugc-aweme,hyperos icons/apps@2x/scalable/ugc-aweme.svg,fallback,exists-skip,alias-exists-skip
hyperos3-icons/apps/128/com.taobao.taobao.png,com.taobao.taobao,Taobao,application icon,com.taobao.taobao -> taobao-taobao,hyperos icons/apps/scalable/taobao-taobao.svg,fallback,exists-skip,alias-exists-skip
hyperos3-icons/apps/128/com.taobao.taobao.png,com.taobao.taobao,Taobao,application icon,com.taobao.taobao -> taobao-taobao,hyperos icons/apps@2x/scalable/taobao-taobao.svg,fallback,exists-skip,alias-exists-skip
hyperos3-icons/apps/128/com.tencent.android.pad.png,com.tencent.android.pad,Pad,application icon,com.tencent.android.pad -> android-pad,hyperos icons/apps/scalable/android-pad.svg,fallback,exists-skip,alias-exists-skip
hyperos3-icons/apps/128/com.tencent.android.pad.png,com.tencent.android.pad,Pad,application icon,com.tencent.android.pad -> android-pad,hyperos icons/apps@2x/scalable/android-pad.svg,fallback,exists-skip,alias-exists-skip
hyperos3-icons/apps/128/com.tencent.androidqqmail.png,com.tencent.androidqqmail,Androidqqmail,application icon,com.tencent.androidqqmail -> androidqqmail,hyperos icons/apps/scalable/androidqqmail.svg,fallback,exists-skip,alias-exists-skip
hyperos3-icons/apps/128/com.tencent.androidqqmail.png,com.tencent.androidqqmail,Androidqqmail,application icon,com.tencent.androidqqmail -> androidqqmail,hyperos icons/apps@2x/scalable/androidqqmail.svg,fallback,exists-skip,alias-exists-skip
hyperos3-icons/apps/128/com.tencent.mm.png,com.tencent.mm,Mm,application icon,com.tencent.mm -> wechat,hyperos icons/apps/scalable/wechat.svg,mapped,exists-skip,alias-exists-skip
hyperos3-icons/apps/128/com.tencent.mm.png,com.tencent.mm,Mm,application icon,com.tencent.mm -> wechat,hyperos icons/apps@2x/scalable/wechat.svg,mapped,exists-skip,alias-exists-skip
hyperos3-icons/apps/128/com.tencent.mobileqq.png,com.tencent.mobileqq,Mobileqq,application icon,com.tencent.mobileqq -> qq,hyperos icons/apps/scalable/qq.svg,mapped,exists-skip,alias-exists-skip
hyperos3-icons/apps/128/com.tencent.mobileqq.png,com.tencent.mobileqq,Mobileqq,application icon,com.tencent.mobileqq -> qq,hyperos icons/apps@2x/scalable/qq.svg,mapped,exists-skip,alias-exists-skip
hyperos3-icons/apps/128/com.tencent.news.png,com.tencent.news,News,application icon,com.tencent.news -> news,hyperos icons/apps/scalable/news.svg,fallback,exists-skip,alias-exists-skip
hyperos3-icons/apps/128/com.tencent.news.png,com.tencent.news,News,application icon,com.tencent.news -> news,hyperos icons/apps@2x/scalable/news.svg,fallback,exists-skip,alias-exists-skip
hyperos3-icons/apps/128/com.tencent.qq.png,com.tencent.qq,Qq,application icon,com.tencent.qq -> qq,hyperos icons/apps/scalable/qq.svg,fallback,exists-skip,alias-exists-skip
hyperos3-icons/apps/128/com.tencent.qq.png,com.tencent.qq,Qq,application icon,com.tencent.qq -> qq,hyperos icons/apps@2x/scalable/qq.svg,fallback,exists-skip,alias-exists-skip
hyperos3-icons/apps/128/com.tencent.qqlive.png,com.tencent.qqlive,Qqlive,application icon,com.tencent.qqlive -> qqlive,hyperos icons/apps/scalable/qqlive.svg,fallback,exists-skip,alias-exists-skip
hyperos3-icons/apps/128/com.tencent.qqlive.png,com.tencent.qqlive,Qqlive,application icon,com.tencent.qqlive -> qqlive,hyperos icons/apps@2x/scalable/qqlive.svg,fallback,exists-skip,alias-exists-skip
hyperos3-icons/apps/128/com.tencent.qqmusic.png,com.tencent.qqmusic,Qqmusic,application icon,com.tencent.qqmusic -> qqmusic,hyperos icons/apps/scalable/qqmusic.svg,mapped,exists-skip,alias-exists-skip
hyperos3-icons/apps/128/com.tencent.qqmusic.png,com.tencent.qqmusic,Qqmusic,application icon,com.tencent.qqmusic -> qqmusic,hyperos icons/apps@2x/scalable/qqmusic.svg,mapped,exists-skip,alias-exists-skip
hyperos3-icons/apps/128/com.tencent.qt.sns.png,com.tencent.qt.sns,Sns,application icon,com.tencent.qt.sns -> qt-sns,hyperos icons/apps/scalable/qt-sns.svg,fallback,exists-skip,alias-exists-skip
hyperos3-icons/apps/128/com.tencent.qt.sns.png,com.tencent.qt.sns,Sns,application icon,com.tencent.qt.sns -> qt-sns,hyperos icons/apps@2x/scalable/qt-sns.svg,fallback,exists-skip,alias-exists-skip
hyperos3-icons/apps/128/com.tencent.tim.png,com.tencent.tim,Tim,application icon,com.tencent.tim -> tim,hyperos icons/apps/scalable/tim.svg,mapped,exists-skip,alias-exists-skip
hyperos3-icons/apps/128/com.tencent.tim.png,com.tencent.tim,Tim,application icon,com.tencent.tim -> tim,hyperos icons/apps@2x/scalable/tim.svg,mapped,exists-skip,alias-exists-skip
hyperos3-icons/apps/128/com.twitter.android.png,com.twitter.android,Android,application icon,com.twitter.android -> twitter,hyperos icons/apps/scalable/twitter.svg,mapped,exists-skip,alias-exists-skip
hyperos3-icons/apps/128/com.twitter.android.png,com.twitter.android,Android,application icon,com.twitter.android -> twitter,hyperos icons/apps@2x/scalable/twitter.svg,mapped,exists-skip,alias-exists-skip
hyperos3-icons/apps/128/com.whatsapp.png,com.whatsapp,Whatsapp,application icon,com.whatsapp -> whatsapp,hyperos icons/apps/scalable/whatsapp.svg,mapped,exists-skip,alias-exists-skip
hyperos3-icons/apps/128/com.whatsapp.png,com.whatsapp,Whatsapp,application icon,com.whatsapp -> whatsapp,hyperos icons/apps@2x/scalable/whatsapp.svg,mapped,exists-skip,alias-exists-skip
hyperos3-icons/apps/128/com.xiaomi.bbs.png,com.xiaomi.bbs,Bbs,application icon,com.xiaomi.bbs -> bbs,hyperos icons/apps/scalable/bbs.svg,fallback,exists-skip,alias-exists-skip
hyperos3-icons/apps/128/com.xiaomi.bbs.png,com.xiaomi.bbs,Bbs,application icon,com.xiaomi.bbs -> bbs,hyperos icons/apps@2x/scalable/bbs.svg,fallback,exists-skip,alias-exists-skip
hyperos3-icons/apps/128/com.xiaomi.calendar.png,com.xiaomi.calendar,Calendar,application icon,com.xiaomi.calendar -> x-office-calendar,hyperos icons/apps/scalable/x-office-calendar.svg,mapped,exists-skip,alias-exists-skip
hyperos3-icons/apps/128/com.xiaomi.calendar.png,com.xiaomi.calendar,Calendar,application icon,com.xiaomi.calendar -> x-office-calendar,hyperos icons/apps@2x/scalable/x-office-calendar.svg,mapped,exists-skip,alias-exists-skip
hyperos3-icons/apps/128/com.xiaomi.gamecenter.pad.png,com.xiaomi.gamecenter.pad,Pad,application icon,com.xiaomi.gamecenter.pad -> gamecenter-pad,hyperos icons/apps/scalable/gamecenter-pad.svg,fallback,exists-skip,alias-exists-skip
hyperos3-icons/apps/128/com.xiaomi.gamecenter.pad.png,com.xiaomi.gamecenter.pad,Pad,application icon,com.xiaomi.gamecenter.pad -> gamecenter-pad,hyperos icons/apps@2x/scalable/gamecenter-pad.svg,fallback,exists-skip,alias-exists-skip
hyperos3-icons/apps/128/com.xiaomi.gamecenter.png,com.xiaomi.gamecenter,Gamecenter,application icon,com.xiaomi.gamecenter -> gamecenter,hyperos icons/apps/scalable/gamecenter.svg,fallback,exists-skip,alias-exists-skip
hyperos3-icons/apps/128/com.xiaomi.gamecenter.png,com.xiaomi.gamecenter,Gamecenter,application icon,com.xiaomi.gamecenter -> gamecenter,hyperos icons/apps@2x/scalable/gamecenter.svg,fallback,exists-skip,alias-exists-skip
hyperos3-icons/apps/128/com.xiaomi.hm.health.png,com.xiaomi.hm.health,Health,application icon,com.xiaomi.hm.health -> hm-health,hyperos icons/apps/scalable/hm-health.svg,fallback,exists-skip,alias-exists-skip
hyperos3-icons/apps/128/com.xiaomi.hm.health.png,com.xiaomi.hm.health,Health,application icon,com.xiaomi.hm.health -> hm-health,hyperos icons/apps@2x/scalable/hm-health.svg,fallback,exists-skip,alias-exists-skip
hyperos3-icons/apps/128/com.xiaomi.market.png,com.xiaomi.market,Market,application icon,com.xiaomi.market -> market,hyperos icons/apps/scalable/market.svg,fallback,exists-skip,alias-exists-skip
hyperos3-icons/apps/128/com.xiaomi.market.png,com.xiaomi.market,Market,application icon,com.xiaomi.market -> market,hyperos icons/apps@2x/scalable/market.svg,fallback,exists-skip,alias-exists-skip
hyperos3-icons/apps/128/com.xiaomi.mico.png,com.xiaomi.mico,Mico,application icon,com.xiaomi.mico -> mico,hyperos icons/apps/scalable/mico.svg,fallback,exists-skip,alias-exists-skip
hyperos3-icons/apps/128/com.xiaomi.mico.png,com.xiaomi.mico,Mico,application icon,com.xiaomi.mico -> mico,hyperos icons/apps@2x/scalable/mico.svg,fallback,exists-skip,alias-exists-skip
hyperos3-icons/apps/128/com.xiaomi.padshop.png,com.xiaomi.padshop,Padshop,application icon,com.xiaomi.padshop -> padshop,hyperos icons/apps/scalable/padshop.svg,fallback,exists-skip,alias-exists-skip
hyperos3-icons/apps/128/com.xiaomi.padshop.png,com.xiaomi.padshop,Padshop,application icon,com.xiaomi.padshop -> padshop,hyperos icons/apps@2x/scalable/padshop.svg,fallback,exists-skip,alias-exists-skip
hyperos3-icons/apps/128/com.xiaomi.scanner.png,com.xiaomi.scanner,Scanner,application icon,com.xiaomi.scanner -> scanner,hyperos icons/apps/scalable/scanner.svg,fallback,exists-skip,alias-exists-skip
hyperos3-icons/apps/128/com.xiaomi.scanner.png,com.xiaomi.scanner,Scanner,application icon,com.xiaomi.scanner -> scanner,hyperos icons/apps@2x/scalable/scanner.svg,fallback,exists-skip,alias-exists-skip
hyperos3-icons/apps/128/com.xiaomi.shop.activity.MainTabActivity.png,com.xiaomi.shop.activity.MainTabActivity,Main Tab Activity,application icon,com.xiaomi.shop.activity.MainTabActivity -> shop-activity-maintabactivity,hyperos icons/apps/scalable/shop-activity-maintabactivity.svg,fallback,exists-skip,alias-exists-skip
hyperos3-icons/apps/128/com.xiaomi.shop.activity.MainTabActivity.png,com.xiaomi.shop.activity.MainTabActivity,Main Tab Activity,application icon,com.xiaomi.shop.activity.MainTabActivity -> shop-activity-maintabactivity,hyperos icons/apps@2x/scalable/shop-activity-maintabactivity.svg,fallback,exists-skip,alias-exists-skip
hyperos3-icons/apps/128/com.xiaomi.shop.png,com.xiaomi.shop,Shop,application icon,com.xiaomi.shop -> shop,hyperos icons/apps/scalable/shop.svg,fallback,exists-skip,alias-exists-skip
hyperos3-icons/apps/128/com.xiaomi.shop.png,com.xiaomi.shop,Shop,application icon,com.xiaomi.shop -> shop,hyperos icons/apps@2x/scalable/shop.svg,fallback,exists-skip,alias-exists-skip
hyperos3-icons/apps/128/com.xiaomi.smarthome.png,com.xiaomi.smarthome,Smarthome,application icon,com.xiaomi.smarthome -> smarthome,hyperos icons/apps/scalable/smarthome.svg,fallback,exists-skip,alias-exists-skip
hyperos3-icons/apps/128/com.xiaomi.smarthome.png,com.xiaomi.smarthome,Smarthome,application icon,com.xiaomi.smarthome -> smarthome,hyperos icons/apps@2x/scalable/smarthome.svg,fallback,exists-skip,alias-exists-skip
hyperos3-icons/apps/128/com.xiaomi.vipaccount.png,com.xiaomi.vipaccount,Vipaccount,application icon,com.xiaomi.vipaccount -> vipaccount,hyperos icons/apps/scalable/vipaccount.svg,fallback,exists-skip,alias-exists-skip
hyperos3-icons/apps/128/com.xiaomi.vipaccount.png,com.xiaomi.vipaccount,Vipaccount,application icon,com.xiaomi.vipaccount -> vipaccount,hyperos icons/apps@2x/scalable/vipaccount.svg,fallback,exists-skip,alias-exists-skip
hyperos3-icons/apps/128/com.xiaomi.xmsf.CloudMessaging.png,com.xiaomi.xmsf.CloudMessaging,Cloud Messaging,application icon,com.xiaomi.xmsf.CloudMessaging -> xmsf-cloudmessaging,hyperos icons/apps/scalable/xmsf-cloudmessaging.svg,fallback,exists-skip,alias-exists-skip
hyperos3-icons/apps/128/com.xiaomi.xmsf.CloudMessaging.png,com.xiaomi.xmsf.CloudMessaging,Cloud Messaging,application icon,com.xiaomi.xmsf.CloudMessaging -> xmsf-cloudmessaging,hyperos icons/apps@2x/scalable/xmsf-cloudmessaging.svg,fallback,exists-skip,alias-exists-skip
hyperos3-icons/apps/128/com.xingin.xhs.png,com.xingin.xhs,Xhs,application icon,com.xingin.xhs -> xingin-xhs,hyperos icons/apps/scalable/xingin-xhs.svg,fallback,exists-skip,alias-exists-skip
hyperos3-icons/apps/128/com.xingin.xhs.png,com.xingin.xhs,Xhs,application icon,com.xingin.xhs -> xingin-xhs,hyperos icons/apps@2x/scalable/xingin-xhs.svg,fallback,exists-skip,alias-exists-skip
hyperos3-icons/apps/128/com.xunmeng.pinduoduo.png,com.xunmeng.pinduoduo,Pinduoduo,application icon,com.xunmeng.pinduoduo -> xunmeng-pinduoduo,hyperos icons/apps/scalable/xunmeng-pinduoduo.svg,fallback,exists-skip,alias-exists-skip
hyperos3-icons/apps/128/com.xunmeng.pinduoduo.png,com.xunmeng.pinduoduo,Pinduoduo,application icon,com.xunmeng.pinduoduo -> xunmeng-pinduoduo,hyperos icons/apps@2x/scalable/xunmeng-pinduoduo.svg,fallback,exists-skip,alias-exists-skip
hyperos3-icons/apps/128/icon_folder.png,icon_folder,Icon Folder,application icon,icon_folder -> icon-folder,hyperos icons/apps/scalable/icon-folder.svg,fallback,exists-skip,alias-exists-skip
hyperos3-icons/apps/128/icon_folder.png,icon_folder,Icon Folder,application icon,icon_folder -> icon-folder,hyperos icons/apps@2x/scalable/icon-folder.svg,fallback,exists-skip,alias-exists-skip
hyperos3-icons/apps/128/icon_folder_light.png,icon_folder_light,Icon Folder Light,application icon,icon_folder_light -> icon-folder-light,hyperos icons/apps/scalable/icon-folder-light.svg,fallback,exists-skip,alias-exists-skip
hyperos3-icons/apps/128/icon_folder_light.png,icon_folder_light,Icon Folder Light,application icon,icon_folder_light -> icon-folder-light,hyperos icons/apps@2x/scalable/icon-folder-light.svg,fallback,exists-skip,alias-exists-skip
hyperos3-icons/apps/128/icon_mask.png,icon_mask,Icon Mask,application icon,icon_mask -> icon-mask,hyperos icons/apps/scalable/icon-mask.svg,fallback,exists-skip,alias-exists-skip
hyperos3-icons/apps/128/icon_mask.png,icon_mask,Icon Mask,application icon,icon_mask -> icon-mask,hyperos icons/apps@2x/scalable/icon-mask.svg,fallback,exists-skip,alias-exists-skip
hyperos3-icons/apps/128/icon_pattern.png,icon_pattern,Icon Pattern,application icon,icon_pattern -> icon-pattern,hyperos icons/apps/scalable/icon-pattern.svg,fallback,exists-skip,alias-exists-skip
hyperos3-icons/apps/128/icon_pattern.png,icon_pattern,Icon Pattern,application icon,icon_pattern -> icon-pattern,hyperos icons/apps@2x/scalable/icon-pattern.svg,fallback,exists-skip,alias-exists-skip
hyperos3-icons/apps/128/mark.via.png,mark.via,Via,application icon,mark.via -> mark-via,hyperos icons/apps/scalable/mark-via.svg,fallback,exists-skip,alias-exists-skip
hyperos3-icons/apps/128/mark.via.png,mark.via,Via,application icon,mark.via -> mark-via,hyperos icons/apps@2x/scalable/mark-via.svg,fallback,exists-skip,alias-exists-skip
hyperos3-icons/apps/128/me.ele.png,me.ele,Ele,application icon,me.ele -> ele,hyperos icons/apps/scalable/ele.svg,fallback,exists-skip,alias-exists-skip
hyperos3-icons/apps/128/me.ele.png,me.ele,Ele,application icon,me.ele -> ele,hyperos icons/apps@2x/scalable/ele.svg,fallback,exists-skip,alias-exists-skip
hyperos3-icons/apps/128/net.csdn.csdnplus.png,net.csdn.csdnplus,Csdnplus,application icon,net.csdn.csdnplus -> csdn-csdnplus,hyperos icons/apps/scalable/csdn-csdnplus.svg,fallback,exists-skip,alias-exists-skip
hyperos3-icons/apps/128/net.csdn.csdnplus.png,net.csdn.csdnplus,Csdnplus,application icon,net.csdn.csdnplus -> csdn-csdnplus,hyperos icons/apps@2x/scalable/csdn-csdnplus.svg,fallback,exists-skip,alias-exists-skip
hyperos3-icons/apps/128/org.telegram.messenger.png,org.telegram.messenger,Messenger,application icon,org.telegram.messenger -> telegram,hyperos icons/apps/scalable/telegram.svg,mapped,exists-skip,alias-exists-skip
hyperos3-icons/apps/128/org.telegram.messenger.png,org.telegram.messenger,Messenger,application icon,org.telegram.messenger -> telegram,hyperos icons/apps@2x/scalable/telegram.svg,mapped,exists-skip,alias-exists-skip
hyperos3-icons/apps/128/tv.danmaku.bili.png,tv.danmaku.bili,Bili,application icon,tv.danmaku.bili -> tv-danmaku-bili,hyperos icons/apps/scalable/tv-danmaku-bili.svg,fallback,exists-skip,alias-exists-skip
hyperos3-icons/apps/128/tv.danmaku.bili.png,tv.danmaku.bili,Bili,application icon,tv.danmaku.bili -> tv-danmaku-bili,hyperos icons/apps@2x/scalable/tv-danmaku-bili.svg,fallback,exists-skip,alias-exists-skip
hyperos3-icons/apps/128/xyz.akimlc.themetool.png,xyz.akimlc.themetool,Themetool,application icon,xyz.akimlc.themetool -> akimlc-themetool,hyperos icons/apps/scalable/akimlc-themetool.svg,fallback,exists-skip,alias-exists-skip
hyperos3-icons/apps/128/xyz.akimlc.themetool.png,xyz.akimlc.themetool,Themetool,application icon,xyz.akimlc.themetool -> akimlc-themetool,hyperos icons/apps@2x/scalable/akimlc-themetool.svg,fallback,exists-skip,alias-exists-skip
hyperos3-icons/status/24/status_bar_toggle_bluetooth_off.png,status_bar_toggle_bluetooth_off,status_bar_toggle_bluetooth_off,status toggle icon,status_bar_toggle_bluetooth_off -> bluetooth-disabled,hyperos icons/actions/24/bluetooth-disabled.svg,mapped,exists-skip,
hyperos3-icons/status/24/status_bar_toggle_bluetooth_off.png,status_bar_toggle_bluetooth_off,status_bar_toggle_bluetooth_off,status toggle icon,status_bar_toggle_bluetooth_off -> bluetooth-disabled,hyperos icons/actions@2x/24/bluetooth-disabled.svg,mapped,exists-skip,
hyperos3-icons/status/24/status_bar_toggle_bluetooth_on.png,status_bar_toggle_bluetooth_on,status_bar_toggle_bluetooth_on,status toggle icon,status_bar_toggle_bluetooth_on -> bluetooth-active,hyperos icons/actions/24/bluetooth-active.svg,mapped,exists-skip,
hyperos3-icons/status/24/status_bar_toggle_bluetooth_on.png,status_bar_toggle_bluetooth_on,status_bar_toggle_bluetooth_on,status toggle icon,status_bar_toggle_bluetooth_on -> bluetooth-active,hyperos icons/actions@2x/24/bluetooth-active.svg,mapped,exists-skip,
hyperos3-icons/status/24/status_bar_toggle_data_off.png,status_bar_toggle_data_off,status_bar_toggle_data_off,status toggle icon,status_bar_toggle_data_off -> network-cellular-off,hyperos icons/actions/24/network-cellular-off.svg,mapped,exists-skip,
hyperos3-icons/status/24/status_bar_toggle_data_off.png,status_bar_toggle_data_off,status_bar_toggle_data_off,status toggle icon,status_bar_toggle_data_off -> network-cellular-off,hyperos icons/actions@2x/24/network-cellular-off.svg,mapped,exists-skip,
hyperos3-icons/status/24/status_bar_toggle_data_on.png,status_bar_toggle_data_on,status_bar_toggle_data_on,status toggle icon,status_bar_toggle_data_on -> network-cellular-on,hyperos icons/actions/24/network-cellular-on.svg,mapped,exists-skip,
hyperos3-icons/status/24/status_bar_toggle_data_on.png,status_bar_toggle_data_on,status_bar_toggle_data_on,status toggle icon,status_bar_toggle_data_on -> network-cellular-on,hyperos icons/actions@2x/24/network-cellular-on.svg,mapped,exists-skip,
hyperos3-icons/status/24/status_bar_toggle_flight_mode_off.png,status_bar_toggle_flight_mode_off,status_bar_toggle_flight_mode_off,status toggle icon,status_bar_toggle_flight_mode_off -> airplane-mode-off,hyperos icons/actions/24/airplane-mode-off.svg,mapped,exists-skip,
hyperos3-icons/status/24/status_bar_toggle_flight_mode_off.png,status_bar_toggle_flight_mode_off,status_bar_toggle_flight_mode_off,status toggle icon,status_bar_toggle_flight_mode_off -> airplane-mode-off,hyperos icons/actions@2x/24/airplane-mode-off.svg,mapped,exists-skip,
hyperos3-icons/status/24/status_bar_toggle_flight_mode_on.png,status_bar_toggle_flight_mode_on,status_bar_toggle_flight_mode_on,status toggle icon,status_bar_toggle_flight_mode_on -> airplane-mode-on,hyperos icons/actions/24/airplane-mode-on.svg,mapped,exists-skip,
hyperos3-icons/status/24/status_bar_toggle_flight_mode_on.png,status_bar_toggle_flight_mode_on,status_bar_toggle_flight_mode_on,status toggle icon,status_bar_toggle_flight_mode_on -> airplane-mode-on,hyperos icons/actions@2x/24/airplane-mode-on.svg,mapped,exists-skip,
hyperos3-icons/status/24/status_bar_toggle_lock.png,status_bar_toggle_lock,status_bar_toggle_lock,status toggle icon,status_bar_toggle_lock -> changes-prevent,hyperos icons/actions/24/changes-prevent.svg,mapped,exists-skip,
hyperos3-icons/status/24/status_bar_toggle_lock.png,status_bar_toggle_lock,status_bar_toggle_lock,status toggle icon,status_bar_toggle_lock -> changes-prevent,hyperos icons/actions@2x/24/changes-prevent.svg,mapped,exists-skip,
hyperos3-icons/status/24/status_bar_toggle_torch_off.png,status_bar_toggle_torch_off,status_bar_toggle_torch_off,status toggle icon,status_bar_toggle_torch_off -> flashlight-off,hyperos icons/actions/24/flashlight-off.svg,mapped,exists-skip,
hyperos3-icons/status/24/status_bar_toggle_torch_off.png,status_bar_toggle_torch_off,status_bar_toggle_torch_off,status toggle icon,status_bar_toggle_torch_off -> flashlight-off,hyperos icons/actions@2x/24/flashlight-off.svg,mapped,exists-skip,
hyperos3-icons/status/24/status_bar_toggle_torch_on.png,status_bar_toggle_torch_on,status_bar_toggle_torch_on,status toggle icon,status_bar_toggle_torch_on -> flashlight-on,hyperos icons/actions/24/flashlight-on.svg,mapped,exists-skip,
hyperos3-icons/status/24/status_bar_toggle_torch_on.png,status_bar_toggle_torch_on,status_bar_toggle_torch_on,status toggle icon,status_bar_toggle_torch_on -> flashlight-on,hyperos icons/actions@2x/24/flashlight-on.svg,mapped,exists-skip,
hyperos3-icons/status/24/status_bar_toggle_wifi_ap_off.png,status_bar_toggle_wifi_ap_off,status_bar_toggle_wifi_ap_off,status toggle icon,status_bar_toggle_wifi_ap_off -> network-wireless-hotspot-disabled,hyperos icons/actions/24/network-wireless-hotspot-disabled.svg,mapped,exists-skip,
hyperos3-icons/status/24/status_bar_toggle_wifi_ap_off.png,status_bar_toggle_wifi_ap_off,status_bar_toggle_wifi_ap_off,status toggle icon,status_bar_toggle_wifi_ap_off -> network-wireless-hotspot-disabled,hyperos icons/actions@2x/24/network-wireless-hotspot-disabled.svg,mapped,exists-skip,
hyperos3-icons/status/24/status_bar_toggle_wifi_ap_on.png,status_bar_toggle_wifi_ap_on,status_bar_toggle_wifi_ap_on,status toggle icon,status_bar_toggle_wifi_ap_on -> network-wireless-hotspot,hyperos icons/actions/24/network-wireless-hotspot.svg,mapped,exists-skip,
hyperos3-icons/status/24/status_bar_toggle_wifi_ap_on.png,status_bar_toggle_wifi_ap_on,status_bar_toggle_wifi_ap_on,status toggle icon,status_bar_toggle_wifi_ap_on -> network-wireless-hotspot,hyperos icons/actions@2x/24/network-wireless-hotspot.svg,mapped,exists-skip,
hyperos3-icons/status/24/status_bar_toggle_wifi_off.png,status_bar_toggle_wifi_off,status_bar_toggle_wifi_off,status toggle icon,status_bar_toggle_wifi_off -> network-wireless-off,hyperos icons/actions/24/network-wireless-off.svg,mapped,exists-skip,
hyperos3-icons/status/24/status_bar_toggle_wifi_off.png,status_bar_toggle_wifi_off,status_bar_toggle_wifi_off,status toggle icon,status_bar_toggle_wifi_off -> network-wireless-off,hyperos icons/actions@2x/24/network-wireless-off.svg,mapped,exists-skip,
hyperos3-icons/status/24/status_bar_toggle_wifi_on.png,status_bar_toggle_wifi_on,status_bar_toggle_wifi_on,status toggle icon,status_bar_toggle_wifi_on -> network-wireless-on,hyperos icons/actions/24/network-wireless-on.svg,mapped,exists-skip,
hyperos3-icons/status/24/status_bar_toggle_wifi_on.png,status_bar_toggle_wifi_on,status_bar_toggle_wifi_on,status toggle icon,status_bar_toggle_wifi_on -> network-wireless-on,hyperos icons/actions@2x/24/network-wireless-on.svg,mapped,exists-skip,
